id,PID,Type,B-value,Phi,Psi,Omega,SS,Cluster,Class,SAP,SASA,SXV,Near buried water,Near cavity,Poorly packed,SRE,pKa,HB,Unused donors,Unused acceptors,HB list,P LJ vdW,D/P electrostatics,D/P hbond,P solvation nonpolar,P solvation polar,P rama,P total,R solvation,R pair,R rama,R omega,R rotamer,R observation,R reference,R LJ vdW attractive,R LJ vdW repulsive,R hbond bb-sc,R hbond bb long,R hbond sc-sc,R hbond bb short,R total,D bond,D angle,D torsion,D inversion,D exp-6 vdW,D/P electrostatics,D reference,D/P hbond,D total,Chirality,Design
0,A_1,Met,,,149.4898,179.234,L,1,surf,0.0132,0.7932,0.1495,false,false,false,1.0332,,0,,,1H:A_20/O  O:A_20/H,-4.171,-0.9627,-6.4495,6.2046,1.0546,0,-4.324,1.7793,0,0,0.0015,2.8433,0,-0.34,-2.9517,0.7355,0,-1.5818,0,0,0.486,0.8681,3.9986,1.1242,0.0186,-1.7446,43.46,-9.9,-1.8904,35.9345,0,
1,A_2,Thr,,-110.3709,129.1892,-179.697,S,1,surf,-0.0766,0.7003,0.4152,false,false,false,2.3499,,3,N,O  OG1,HG1:A_19/OE1,-2.6011,-1.0546,-2.7,-0.0889,1.5537,-2.5562,-7.4471,1.1093,0.0087,-0.0287,0.0017,0.9238,-0.0991,-0.27,-1.425,0.0118,0,0,-0.1434,0,0.0891,0.9985,1.839,0.7089,0.0286,1.0447,-5.6852,3.4,-0.6844,1.6502,0,
2,A_3,Tyr,,-118.0281,154.9641,175.538,S,1,core,-0.019,0.0112,-0.7517,false,false,false,-0.9431,10.489,1,OH,OH,H:A_18/O  O:A_18/H,-11.1682,-1.6628,-5.5907,-1.0911,4.0125,-4.2918,-19.7921,2.8608,0,-0.1291,0.05,0.2543,-0.1757,0.51,-8.2068,0.3181,0,-1.5533,0,0,-6.0716,2.2446,1.6606,1.9804,0.1199,-3.4053,-7.4773,-2.7,-1.734,-9.3112,0,
3,A_4,Lys,,-109.0358,157.6159,175.7001,S,0,surf,-0.0935,0.4984,0.5888,false,false,false,1.0281,10.5928,0,,,3HZ:A_15/OE1  H:A_50/O  O:A_52/H,-4.974,-2.9216,-5.3851,-0.5735,1.4601,-3.4645,-15.8585,1.3242,-0.5756,-0.1137,0.096,3.9557,-0.0237,-0.65,-2.9413,0.0998,0,-1.6203,0,0,-0.4489,1.691,4.2564,1.5011,0.258,-0.8846,25.3477,-34.9,-2.0189,-4.7493,0,
4,A_5,Leu,,-134.774,121.3301,176.8353,S,1,core,0.0008,0,-1.0558,false,false,false,-1.0983,,0,,,H:A_16/O  O:A_16/H,-8.371,-1.4851,-5.8784,-3.2484,0.3278,-0.6323,-19.2875,1.3027,0,0.118,0.0713,0.2794,-0.0414,-0.1,-5.3065,0.4995,0,-1.599,0,0,-4.7761,1.5194,3.4083,0.9435,0.1768,-3.713,-14.5841,4.1,-1.6437,-9.7927,0,
5,A_6,Ile,,-107.3422,124.333,-176.8636,S,0,surf,0.0324,0.291,0.4236,false,false,false,0.9331,,0,,,H:A_52/O  O:A_54/H,-5.3201,-1.5162,-6.054,5.7858,0.8019,-6.1631,-12.4658,1.3182,0,-0.2397,0.0496,0.9577,-0.3822,0.24,-2.9968,0.0582,0,-1.5863,0,0,-2.5813,1.9776,3.1112,0.5403,0.0089,0.2522,18.7181,-26.5,-1.8372,-3.7289,0,
6,A_7,Leu,,-112.0462,113.1189,171.7158,S,1,core,0.0095,0,-0.5213,false,false,false,1.9595,,0,,,H:A_14/O  O:A_14/H,-7.94,-1.4455,-5.3737,-1.7842,0.3972,-2.4976,-18.6439,1.1432,0,0.0452,0.1962,3.7886,-0.1212,-0.1,-5.0572,0.2441,0,-1.4289,0,0,-1.2902,1.6003,3.1138,2.198,0.0611,-3.8232,-12.8205,4.1,-1.5404,-7.1108,0,
7,A_8,Asn,,-113.4756,70.2388,178.0715,S,0,surf,-0.1121,0.4868,2.8441,false,false,true,-0.1535,,2,ND2,OD1,H:A_54/O  O:A_56/H,-3.3221,-1.5362,-5.9777,-0.3426,1.7672,-9.2953,-18.7067,2.0521,-0.0253,0.2515,0.1809,0.7883,-0.2827,-0.89,-2.6222,0.0145,0,-1.5998,0,0,-2.1328,1.2337,2.109,0.9278,0.1114,-0.0256,-42.4761,35.7,-1.9796,-4.3994,0,
8,A_9,Gly,,-91.0765,-165.6562,176.7275,L,1,core,-0.0893,0.1429,0.7602,false,false,false,-0.2824,,0,,,H:A_12/O  O:A_13/3HZ,-1.37,-0.9463,-1.9876,0,0,-9.9673,-14.2712,0.6414,0,-0.0576,0.0361,0,-0.6127,-0.17,-1.0319,0.0099,0,0,0,-0.2286,-1.4135,0.4926,1.6715,1.2651,0.1661,0.8567,11.1551,-16.6,-0.5105,-1.5035,0,
9,A_10,Lys,,-85.6493,-38.9601,-177.5004,L,0,surf,-0.1922,1.0747,-0.0632,false,false,false,0.8551,10.4836,2,NZ,O,H:A_56/OE2,-1.7805,-1.1664,0,0,0.7901,-3.9471,-6.1039,0.3325,-0.0172,-0.0886,0.0424,1.8736,-0.1266,-0.65,-0.7265,0.0109,0,0,0,0,0.6506,1.6456,3.768,1.9866,0.1627,3.0915,29.3891,-34.9,0,5.1434,0,
10,A_11,Thr,,-123.1465,-17.1677,176.6148,L,1,surf,-0.0499,1.1213,1.2689,false,false,false,0.49,,3,N  OG1,O  OG1,,-1.7286,-0.6108,0,-0.0559,0.806,-8.1479,-9.7373,0.5866,-0.0063,-0.0044,0.0443,0.0217,-0.4352,-0.27,-0.9593,0.0326,0,0,0,0,-0.99,1.2736,1.7628,0.7878,0.0454,2.5834,-6.9686,3.4,-0.0009,2.8835,0,
11,A_12,Leu,,-113.9916,111.5152,170.8298,L,1,bndry,0.073,0.232,0.5793,false,false,false,2.7155,,1,N,,O:A_9/H,-4.9152,-0.8853,-1.9876,3.0487,0.4859,-2.6447,-6.8983,0.992,0,0.0703,0.2389,3.4146,-0.1184,-0.1,-3.0487,0.1241,0,0,0,-0.2286,1.3442,1.6395,3.0688,1.1365,0.0349,0.546,-13.1121,4.1,-0.4953,-3.0817,0,
12,A_13,Lys,,-119.4986,148.3243,173.881,L,0,surf,-0.1188,0.9069,0.7866,false,false,false,0.7454,10.3727,2,N,O,3HZ:A_9/O,-3.3436,-3.2443,-5.8527,-0.0472,4.0523,-1.586,-10.0216,1.796,-0.0315,-0.132,0.3038,1.9338,0.0017,-0.65,-2.1121,0.0286,-0.6409,0,0,0,0.4974,1.5525,3.2725,1.9433,0.1045,1.1676,31.1981,-34.9,-1.8591,2.4794,0,
13,A_14,Gly,,133.4477,-152.6254,-159.6536,S,0,surf,-0.0839,1.5938,-0.1749,false,false,false,0.6477,,0,,,H:A_7/O  O:A_7/H,-0.5347,-1.3962,-5.3737,0,0,-13.3278,-20.6324,0.6241,0,0.5553,1.1285,0,-0.8112,-0.17,-0.9507,0.1918,0,-1.4289,0,0,-0.8611,0.4577,1.3521,2.3209,0.2767,2.3449,6.8654,-16.6,-1.5251,-4.5074,0,
14,A_15,Glu,,-149.8037,130.7267,172.1555,S,1,surf,-0.1775,0.7756,0.5225,false,false,false,2.9582,4.4133,3,N,O  OE2,OE1:A_4/3HZ,-3.0706,-1.4252,0,-0.6188,2.3999,-4.4699,-7.1846,0.8082,-0.3983,0.1762,1.1888,2.4371,-0.0702,-0.81,-1.358,0.1213,0,0,0,0,2.095,1.5619,2.0597,2.0449,0.245,0.9929,21.5757,-26.1,-0.1282,2.2519,0,
15,A_16,Thr,,-130.6777,174.1078,171.6738,S,1,bndry,-0.0106,0.4186,0.5582,false,false,false,0.2226,,1,OG1,OG1,H:A_5/O  O:A_5/H,-3.2348,-1.4879,-5.8784,-1.3618,2.2728,-8.1565,-17.8466,1.7526,-0.0168,-0.1512,0.3272,0.0919,-0.4507,-0.27,-2.3586,0.3131,0,-1.599,0,0,-2.3615,1.4273,1.5133,0.8421,0.0791,1.3417,-6.4696,3.4,-1.6437,0.4902,0,
16,A_17,Thr,,-131.6892,169.8573,158.1241,S,1,surf,-0.0451,0.6747,1.238,false,false,false,2.1694,,3,N  OG1,O  OG1,,-3.2292,-0.8946,0,-0.0169,0.6382,-7.5792,-11.0817,0.9135,-0.0117,-0.1859,1.3697,0.0987,-0.4032,-0.27,-1.6801,0.0503,0,0,0,0,-0.1188,1.4563,1.6218,1.9359,0.1761,0.9743,-5.8255,3.4,0,3.7388,0,
17,A_18,Thr,,-137.5607,169.0675,166.4636,S,1,bndry,-0.0288,0.2609,-0.2247,false,false,false,2.6678,,1,OG1,OG1,H:A_3/O  O:A_3/H,-4.4819,-1.4251,-5.8574,-1.427,1.065,-6.9147,-19.0409,1.3387,-0.0044,-0.1678,1.6545,2.5378,-0.3448,-0.27,-2.9398,0.2044,0,-1.5533,0,0,0.4553,1.4132,2.5587,3.1303,0.4249,-0.3372,-7.8491,3.4,-1.7823,0.9584,0,
18,A_19,Glu,,-100.2344,130.1709,-174.0187,S,1,surf,-0.3603,0.9846,-0.337,false,false,false,2.5418,3.8224,3,N,O  OE2,OE1:A_2/HG1,-2.7724,-2.9281,-2.7,0,6.5416,-0.3227,-2.1815,1.992,0.0071,-0.0531,0.5475,1.8626,0.0677,-0.81,-1.9891,0.0056,0,0,-0.1434,0,1.487,1.3225,3.9765,1.22,0.3619,0.7277,19.1475,-26.1,-0.7427,-0.0866,0,
19,A_20,Ala,,-156.7495,160.1713,-178.7164,S,1,bndry,-0.0513,0.0758,0.4466,false,false,false,-0.228,,0,,,H:A_1/O  O:A_1/1H,-2.9463,-1.3908,-6.4495,-0.3941,0.1369,-3.1987,-14.2425,1.0033,0,-0.0185,0.0936,0,-0.2007,0.16,-2.2709,0.6585,0,-1.5818,0,0,-2.1565,0.793,1.5761,1.5479,0.1328,0.5107,19.0138,-19.2,-1.8904,2.4839,0,
20,A_21,Val,,-79.2274,-49.1242,-175.1554,L,1,surf,0.168,1.0335,-0.5361,false,false,false,4.2035,,2,N,O,,-2.264,-0.7075,0,6.6511,0.8826,-5.0607,-0.4986,0.6308,0,0.0525,0.0628,3.296,-0.1718,0.29,-1.0573,0.1006,0,0,0,0,3.2035,1.5215,2.9639,1.7394,0.0922,3.0075,15.6969,-20.9,0,4.1214,0,
21,A_22,Asp,,-150.1121,174.7264,-179.0562,H,1,surf,-0.1623,0.6532,-1.4583,false,false,false,0.6044,2.8551,2,N,OD2,O:A_25/H  O:A_26/H  OD1:A_25/H  OD1:A_25/HG1,-3.2607,-4.8238,-9.3789,-0.4091,8.6695,-2.1753,-11.3783,2.8709,-0.0875,0.0644,0.0609,0.8252,-0.1299,-0.67,-3.7049,0.1088,-0.4267,0,-0.2524,-0.3536,-1.6948,1.3409,2.7173,0.9864,0.0353,1.8337,-19.4848,11.1,-3.3132,-4.7845,0,
22,A_23,Ala,,-59.5781,-39.3569,176.6362,H,0,surf,-0.0051,0.4846,-0.2007,false,false,false,0.6955,,1,N,,O:A_27/H,-2.0769,-1.1749,-2.6785,-0.5517,0.3812,-3.7832,-9.8841,0.7228,0,-0.1833,0.0305,0,-0.1815,0.16,-1.6189,0.1046,0,0,0,-0.4173,-1.3832,0.6816,1.078,1.6065,0.0692,1.1691,13.8662,-19.2,-0.7282,-1.4575,0,
23,A_24,Ala,,-60.3194,-39.4936,173.2196,H,1,surf,-0.0443,1.0969,-0.1031,false,false,false,1.569,,1,N,,O:A_28/H,-1.8479,-0.7818,0,0,0.568,-3.7786,-5.8403,0.8728,0,-0.1848,0.1432,0,-0.1816,0.16,-1.5174,0.0919,0,0,0,-0.0467,-0.6625,0.8707,1.2522,1.9548,0.0845,1.3088,14.5177,-19.2,-0.1884,0.6003,0,
24,A_25,Thr,,-69.2496,-49.3377,178.0329,H,1,bndry,0.0029,0.3947,-0.8393,false,false,false,0.3275,,1,,OG1,H:A_22/O  H:A_22/OD1  HG1:A_22/OD1  O:A_28/H  O:A_29/H,-4.072,-1.7301,-6.2943,-0.722,2.2796,-0.9117,-11.4505,2.0287,-0.0753,0.0612,0.1246,0.1739,0.066,-0.27,-3.2394,0.237,0,0,-0.2524,-0.4522,-1.5979,1.2442,1.3868,1.7287,0.0207,0.1855,-6.2279,3.4,-1.9588,-0.2208,0,
25,A_26,Ala,,-54.6574,-35.103,175.1158,H,1,core,0.0036,0,-0.8167,false,false,false,-1.2259,,0,,,H:A_22/O  O:A_30/H,-3.9548,-1.5182,-5.9046,-0.9981,0.0873,-3.9681,-16.2566,1.1108,0,-0.1551,0.0693,0,-0.171,0.16,-3.4165,0.1678,0,0,0,-0.7337,-2.9684,0.8195,1.0409,1.8109,0.2265,-0.9052,12.7069,-19.2,-1.9252,-5.4256,0,
26,A_27,Glu,,-65.5797,-38.2278,-177.2333,H,1,surf,-0.2144,0.6865,1.1221,false,false,false,0.3961,4.6455,2,,OE1  OE2,H:A_23/O  O:A_31/H,-3.7289,-1.4637,-5.2865,-0.4142,1.4196,-2.7547,-12.2284,1.4933,0.0034,-0.2491,0.0788,1.9096,-0.1339,-0.81,-2.8771,0.1684,0,0,0,-0.8397,-1.2564,1.3207,2.1377,2.3983,0.3829,0.8494,16.9297,-26.1,-1.5429,-3.6242,0,
27,A_28,Lys,,-76.8937,-39.5237,176.2836,H,1,surf,-0.1515,0.9361,0.5496,false,false,false,1.2122,10.4331,1,NZ,,H:A_24/O  H:A_25/O  O:A_32/H,-3.1115,-1.6237,-2.7103,-0.1041,0.1005,-2.5235,-9.9727,1.2855,0.0154,-0.163,0.0537,2.1215,-0.0504,-0.65,-2.3675,0.3352,0,0,0,-0.5562,0.0241,1.6312,2.9998,2.1711,0.3202,2.5228,26.5949,-34.9,-0.898,0.442,0,
28,A_29,Val,,-62.1168,-56.6565,-179.9105,H,1,bndry,0.1026,0.3917,1.1258,false,false,false,0.9185,,0,,,H:A_25/O  O:A_32/H  O:A_33/H,-4.5339,-1.5369,-5.9684,4.6626,0.267,-3.5501,-10.6598,1.583,0,0.1669,0.0345,0.0071,-0.0404,0.29,-3.3872,0.5141,0,0,0,-0.723,-1.5549,1.7712,1.4286,1.463,0.1857,1.6761,12.6499,-20.9,-1.771,-3.4966,0,
29,A_30,Phe,,-58.1623,-56.0664,168.9133,H,1,core,0.0182,0.005,-1.0432,false,false,false,0.7052,,0,,,H:A_26/O  O:A_34/H,-11.7934,-1.6338,-6.8399,-3.6766,0.2383,-4.8785,-28.5838,2.3696,0,0.1009,0.3073,3.3735,-0.1873,0.63,-9.3072,1.0249,0,0,0,-0.7042,-2.3925,2.3972,3.3729,2.771,0.134,-1.4949,5.4508,-11.4,-1.8988,-0.6679,0,
30,A_31,Lys,,-41.8468,-40.9524,179.0903,H,1,surf,-0.1171,0.6131,2.6299,false,true,true,0.6927,10.5616,1,NZ,,H:A_27/O  O:A_35/H,-3.8859,-2.792,-5.1267,-0.2803,0.7625,-5.9109,-17.2333,1.5219,-0.4291,0.243,0.3094,1.8595,-0.0983,-0.65,-2.8365,0.3059,0,0,0,-0.8386,-0.6128,1.865,4.319,2.2485,0.2533,1.61,24.5015,-34.9,-1.6338,-1.7365,0,
31,A_32,Gln,,-72.1334,-38.9983,175.3493,H,1,surf,-0.1778,0.8658,0.2471,false,false,false,0.8987,,2,NE2,OE1,H:A_28/O  H:A_29/O  O:A_36/H,-3.3835,-1.491,-3.8371,-0.0377,0.3238,-2.7099,-11.1353,1.5631,0.0205,-0.1705,0.0561,1.9734,-0.1279,-0.97,-2.7339,0.4787,0,0,0,-0.7075,-0.618,1.5218,1.6643,1.9401,0.3984,1.622,-18.3851,11.8,-1.0693,-0.5079,0,
32,A_33,Tyr,,-61.2506,-57.9392,-177.3762,H,1,bndry,0.0875,0.3887,-0.0716,false,false,false,0.8825,10.3715,1,OH,OH,H:A_29/O  O:A_36/H  O:A_37/H,-6.53,-1.7096,-6.5747,3.8594,2.044,-6.0794,-14.9903,2.4685,0,0.1788,0.0713,0.099,-0.1778,0.51,-4.8595,0.5275,0,0,0,-0.8023,-1.9846,2.686,1.3382,2.2386,0.2354,3.7983,-3.6305,-2.7,-1.7949,2.1711,0,
33,A_34,Ala,,-58.8118,-39.5706,175.6531,H,1,core,0.0032,0,0.6414,false,true,false,-0.9099,,0,,,H:A_30/O  O:A_38/H  O:A_39/H,-3.7636,-1.6507,-6.5123,-1.1215,0.0959,-3.7547,-16.7069,1.4445,0,-0.1771,0.0644,0,-0.1803,0.16,-3.5081,0.6173,0,-0.8045,0,-0.324,-2.7077,0.666,1.1995,1.7533,0.0394,-0.82,12.4626,-19.2,-1.7204,-5.6196,0,
34,A_35,Asn,,-70.2672,-30.5347,-178.717,H,1,surf,-0.1878,0.7338,2.4716,false,true,true,1.1393,,3,ND2,O  OD1,H:A_31/O,-3.1546,-1.2962,-2.5187,0,0.6192,-0.3681,-6.7184,1.4071,-0.2125,-0.083,0.0514,2.0553,0.0482,-0.89,-2.3835,0.0864,0,0,0,-0.4162,-0.3369,1.2671,1.705,2.2132,0.0284,0.4261,-41.7037,35.7,-1.0086,-1.3726,0,
35,A_36,Asp,,-80.3927,-37.282,179.4595,H,1,surf,-0.4106,1.049,-0.0579,false,false,false,1.2972,3.9522,3,,O  OD1  OD2,H:A_32/O  H:A_33/O,-2.6773,-0.4536,-2.3586,0,2.1423,-1.8644,-5.2116,1.4184,-0.0748,-0.1278,0.0048,1.614,-0.0579,-0.67,-2.1721,0.0756,0,0,0,-0.4027,-0.3924,1.2442,1.4324,2.1274,0.0585,0.9279,-22.704,11.1,-0.5541,-6.3677,0,
36,A_37,Asn,,-94.9339,19.526,161.0581,H,1,surf,-0.1649,0.583,1.184,false,false,false,2.1465,,3,ND2,O  OD1,H:A_33/O,-3.4392,-0.9406,-2.985,-1.1209,2.6838,-8.853,-14.6549,2.5191,-0.0759,-0.1872,0.8977,2.3064,-0.395,-0.89,-3.1033,0.0905,0,0,0,-0.3267,0.8355,1.3941,2.3787,2.1542,0.2527,-0.1018,-41.9626,35.7,-0.8844,-1.0692,0,
37,A_38,Gly,,86.0646,37.1792,178.9042,L,1,surf,-0.0107,2.7009,2.5831,false,false,true,0.9834,,1,,O,H:A_34/O,-0.931,-1.0072,0,0,0,-13.3667,-15.3049,0.4975,0,-0.1292,0.9,0,-0.7849,-0.17,-0.7883,0.0362,0,0,0,0,-0.4387,0.54,2.2472,2.4528,0.2199,1.0494,7.2735,-16.6,-0.1714,-2.9885,0,
38,A_39,Val,,-123.8329,131.9046,-177.1503,L,1,core,-0.0625,0.0022,2.0581,false,true,true,-0.3141,,1,,O,H:A_34/O,-6.003,-0.9889,-2.9731,0.558,0.9406,-6.7328,-15.1992,1.0846,0,-0.2079,0.0233,0.3676,-0.3977,0.29,-3.351,0.5929,0,-0.8045,0,0,-2.4028,1.7997,2.2474,0.8045,0.0219,-1.7129,17.7368,-20.9,-0.7714,-0.774,0,
39,A_40,Asp,,-156.8408,96.2256,-170.8813,L,1,surf,-0.3898,0.958,1.7464,false,true,true,0.7765,3.859,3,,O  OD1  OD2,H:A_56/OE1,-1.6286,-0.4329,0,-0.0101,2.2863,-11.7701,-11.5555,0.5606,-0.285,0.1853,0.2282,1.5721,-0.5004,-0.67,-0.5394,0.0078,0,0,0,0,0.5592,1.1962,1.9667,1.8948,0.1068,1.7989,-17.4942,11.1,0,0.5691,0,
40,A_41,Gly,,-139.6052,-162.9578,170.2583,L,0,surf,-0.203,1.2054,0.8292,false,true,false,1.725,,2,N,O,,-1.1249,-0.9306,0,0,0,-7.2806,-9.3361,0.3688,0,0.4688,0.4451,0,-0.3868,-0.17,-0.6017,0.0081,0,0,0,0,0.1323,0.3779,1.7603,1.193,0.2703,1.3338,8.6904,-16.6,0,-2.9744,0,
41,A_42,Glu,,-80.6075,138.4181,177.7345,S,0,surf,-0.3356,1.0774,0.5187,false,false,false,0.7761,4.5813,2,,OE1  OE2,H:A_55/O  O:A_55/H,-2.0939,-0.649,-5.497,-0.0065,0.4423,-1.5323,-9.3365,0.8793,0.0016,-0.2209,0.2501,1.5908,-0.027,-0.81,-1.3963,0.0405,0,-1.399,0,0,-1.0909,1.2519,1.7327,1.671,0.2003,2.7548,20.633,-26.1,-1.5364,0.6073,0,
42,A_43,Trp,,-111.9597,147.402,158.4578,S,1,surf,0.0269,0.2661,4.8326,false,true,true,2.1217,,3,N  NE1,O,,-9.2915,-0.8887,0,2.2082,2.1867,-4.2467,-10.032,1.567,0,-0.1097,1.173,1.2224,-0.1611,0.91,-5.6496,0.1814,0,0,0,0,-0.8666,2.1691,19.9536,2.4477,0.2583,-2.8716,27.8276,-39.4,0,10.3846,0,
43,A_44,Thr,,-132.3428,172.5148,-175.4065,S,0,surf,-0.0278,0.7613,2.388,false,false,true,2.7307,,1,OG1,OG1,H:A_53/O  O:A_53/H,-2.3681,-1.4494,-8.2399,-0.0741,1.987,-7.9471,-18.0917,1.5773,-0.0381,-0.1638,1.2129,1.8548,-0.4409,-0.27,-1.7629,0.0899,0,-1.5315,0,0,0.5277,1.6473,2.9829,2.5161,0.2805,2.5863,-9.0219,3.4,-2.489,1.9021,0,
44,A_45,Tyr,,-148.9048,129.3056,-173.7582,S,1,bndry,0.015,0.3765,0.1725,false,false,false,1.4411,11.1735,3,N,O  OH,HH:A_47/OD1,-8.5292,-0.9701,0,0.813,4.2532,-4.967,-9.4002,2.1207,0,0.0743,0.1501,1.1007,-0.1706,0.51,-6.4597,0.4342,0,0,0,0,-2.2402,2.5407,2.5936,1.612,0.1527,0.0996,-3.9388,-2.7,-0.0118,0.348,0,
45,A_46,Asp,,-128.1767,101.2731,-177.2965,S,0,surf,-0.253,0.6594,1.5353,false,false,true,1.6186,4.0384,2,,OD1  OD2,H:A_51/O  O:A_49/H  O:A_49/HG1  O:A_50/H  O:A_51/H,-3.0878,-1.9705,-6.0256,-0.0371,2.925,-4.8698,-13.0659,1.8572,-0.0154,0.0314,0.1157,3.1013,-0.2029,-0.67,-2.641,0.0838,0,-1.6252,0,-0.0792,-0.0443,1.1769,3.4066,0.892,0.1754,0.1547,-15.2342,11.1,-2.1906,-0.5191,0,
46,A_47,Asp,,-70.4453,-28.7302,176.1981,H,1,surf,-0.2682,0.7285,-0.6647,false,false,false,2.0298,2.79,2,N,OD2,O:A_50/H  OD1:A_45/HH  OD1:A_50/1HZ,-2.4303,-2.7942,-2.7876,-0.3303,3.9701,-1.1313,-5.5036,1.3723,-0.2188,-0.2023,0.0544,2.2126,-0.0067,-0.67,-1.8316,0.1883,0,0,-0.2528,-0.1117,0.5337,1.2711,2.7332,2.2147,0.1117,1.3431,-13.5477,11.1,-1.3388,3.8874,0,
47,A_48,Ala,,-62.5537,-19.3146,-178.7276,H,0,surf,-0.0244,1.6362,-0.2481,false,false,false,1.7925,,2,N,O,,-1.1092,-0.6042,0,0,0.068,-2.6955,-4.341,0.3212,0,-0.2386,0.0402,0,-0.0847,0.16,-0.7372,0.061,0,0,0,0,-0.4782,0.858,1.5942,1.7293,0.0226,2.066,14.7556,-19.2,0,1.8255,0,
48,A_49,Thr,,-125.8339,1.8792,-170.6853,H,0,surf,-0.0237,0.891,-0.8335,false,false,false,1.208,,1,,O,H:A_46/O  HG1:A_46/O  OG1:A_51/HG1,-2.8209,-0.9087,-3.0132,0,2.7212,-7.1488,-11.1705,1.8975,-0.096,-0.0228,0.221,0.1377,-0.2945,-0.27,-2.3174,0.3455,0,0,-0.3239,-0.0791,-0.802,1.234,2.721,0.7217,0.0279,1.3731,-6.7598,3.4,-1.0658,1.6521,0,
49,A_50,Lys,,43.4367,51.0826,-173.8484,S,1,bndry,-0.0854,0.3869,-0.7365,false,false,false,0.534,11.8972,0,,,1HZ:A_47/OD1  H:A_46/O  H:A_47/O  O:A_4/H,-5.7165,-2.618,-5.6812,-1.7822,5.0564,-6.5939,-17.3354,2.5532,-0.2191,0.0745,0.3115,1.915,-0.0573,-0.65,-4.0352,0.1382,0,-0.8029,-0.2528,-0.1118,-1.1367,1.9679,4.9828,1.7621,0.0183,-1.071,27.4831,-34.9,-2.2864,-2.0433,0,
50,A_51,Thr,,-124.0882,131.9556,167.4795,S,0,surf,-0.0032,0.0917,-0.237,false,false,false,0.0046,,1,,OG1,H:A_46/O  HG1:A_49/OG1  O:A_46/H,-4.9112,-1.7917,-9.0246,-0.466,2.2501,-2.6137,-16.557,2.3526,-0.2407,-0.0102,0.4865,0.6189,-0.1171,-0.27,-3.6257,0.1419,0,-1.6252,-0.3239,0,-2.6127,1.116,1.687,2.1205,0.0874,-1.1067,-7.8048,3.4,-2.6392,-3.1399,0,
51,A_52,Phe,,-106.5259,140.1348,177.6474,S,1,core,0.0098,0.0145,-0.5737,false,false,false,-0.5293,,0,,,H:A_4/O  O:A_6/H,-10.2781,-1.6514,-5.208,-1.047,0.2879,-3.7291,-21.6256,1.435,0,-0.1631,0.4057,0.6846,-0.1595,0.63,-7.022,0.5046,0,-1.619,0,0,-5.3036,2.3227,1.9117,1.7663,0.1417,-1.744,5.3771,-11.4,-1.8275,-3.452,0,
52,A_53,Thr,,-123.8782,131.1672,171.7672,S,0,surf,0.0075,0.2642,4.2168,false,false,true,1.3243,,1,OG1,OG1,H:A_44/O  O:A_44/H,-3.5601,-1.6308,-8.2399,-0.4689,2.0522,-2.6177,-14.4652,1.8887,-0.0405,-0.0061,0.1833,1.4326,-0.1162,-0.27,-2.7368,0.104,0,-1.5315,0,0,-1.0925,1.0956,1.8592,0.7007,0.0656,0.6505,-7.9107,3.4,-2.5626,-2.7018,0,
53,A_54,Val,,-118.8696,124.8413,-174.476,S,1,core,0.004,0,0.6623,false,false,false,-0.8183,,0,,,H:A_6/O  O:A_8/H,-6.8282,-1.5366,-6.7006,-1.0031,0.4118,-6.763,-22.4197,1.2165,0,-0.2171,0.2457,0.4204,-0.3972,0.29,-4.4942,0.1244,0,-1.5698,0,0,-4.3813,1.6576,3.1304,0.5235,0.071,-3.1604,12.9321,-20.9,-1.95,-7.6957,0,
54,A_55,Thr,,-127.5369,131.4512,171.1943,S,0,surf,-0.0731,0.5631,1.812,false,false,true,0.6871,,1,OG1,OG1,H:A_42/O  O:A_42/H,-3.3144,-1.6186,-5.497,-0.0051,1.5419,-2.7061,-11.5992,1.9575,-0.0619,-0.0005,0.2701,0.1454,-0.1211,-0.27,-2.3919,0.0448,0,-1.399,0,0,-1.8265,1.2721,1.806,0.5798,0.1063,0.427,-8.6463,3.4,-1.6353,-2.6904,0,
55,A_56,Glu,,-106.3271,,,S,0,bndry,-0.104,0.7135,0.7534,false,false,false,-0.1124,3.6105,2,,O  OXT,H:A_8/O  OE1:A_40/H  OE2:A_10/H,-5.3534,-2.8018,-8.3281,-0.629,10.5222,0,-6.5902,3.4151,0.0083,0,0.1938,1.3497,0,-0.81,-4.8523,0.0438,-0.9219,-0.8147,0,0,-2.3881,1.4292,1.9118,0.7385,0.0713,-1.8815,50.1682,-26.1,-3.5484,22.789,0,