site,SS,Class,Best,D,E,H,K,R,A,F,I,L,M,V,W,Y,N,Q,S,T,G,P,C
A_M1,L,bndry,-5.5148180722726465,4.730621267339529,4.32425259067827,2.5444117807435305,1.2006158808051168,-5.5148180722726465,4.419867414069813,5.646516638735875,0.8556729025197001,3.4785692599245976,,2.0141600525830654,2.831405348910266,4.431120986658243,-1.087491016786089,-0.48794169281518407,4.1042168766668965,2.0074877091262806,5.697606169159826,10.352617711721905,2.764967805968354
A_T2,S,surf,-5.067862938142753,15.510931393561123,10.147795445597694,12.034264672451854,10.275008040200646,-1.292012087183366,19.291190896982926,5.752863530489321,-5.067862938142753,2.7920189867572844,7.21163697509769,-2.5071356792088864,9.578199682031936,6.646983065473478,13.85569850215893,7.592194867923126,15.063213046571718,,31.068403396099256,32.875602123870294,8.107802352408726
A_Y3,S,core,-4.099863208264651,37.55274394583557,32.98783760729498,19.255112539440233,28.7614693765629,41.52191032611472,22.37488561773148,-4.099863208264651,14.171205415922941,11.9758440456867,8.780277619178605,10.701929859761094,7.590301018303535,,28.50769192018288,18.19392237875013,16.290717191937347,13.32396412115122,31.517719449772358,51.44401152756245,14.693908189690546
A_K4,S,surf,4.1458503728304095,27.56056641344594,20.208572346713026,16.3169989331941,,5.8357275580715395,22.030893714578724,6.630980418926811,14.696076151657053,6.413932669929636,5.104820406028011,13.76489255391607,4.429540098737107,4.1458503728304095,15.993758362677454,13.086535879559051,14.61796184502009,9.991049728030248,21.229879320921555,83.48426836972976,5.573433057431885
A_L5,S,core,0.42743278285888664,38.54174741460315,27.20943612856695,13.293172428395792,39.371941655185765,31.076765684450493,32.5038901393516,12.413110883511308,0.42743278285888664,,3.908678787016015,31.05204309281612,42.178445523756636,21.482130652040723,20.762023751127572,13.148427517261325,24.835331348851923,23.089123097791116,45.71271256582918,112.14081471303689,13.315218321924021
A_I6,S,surf,1.2370831093585366,25.435779751261634,15.078040081687277,15.45545773989761,14.839588646381117,6.298988294370474,27.060241191921705,7.157316013900754,,6.933893611970461,14.976952692183204,1.2370831093585366,14.256840288863486,16.119695223176222,20.621859480515923,15.583545402569598,18.834050678337462,7.237530670726073,36.79175915564065,117.69308506339894,13.10067710435169
A_L7,S,core,-1.7776428287581894,29.310793625452106,46.77016274927291,27.670308477758226,28.286016690844917,31.941249068370325,37.308739561651464,71.09314458459744,-1.7776428287581894,,10.506893860789887,5.466936495326081,50.65352465327146,87.52845162986523,18.18177066720159,20.316919301964617,26.99979661743032,25.057927724569936,46.290769052854785,69.42977532072814,17.27658076269904
A_N8,S,surf,6.649688806944596,12.806728579911123,36.306825223352234,32.46457296284211,36.95899022860476,6.649688806944596,24.306992493849066,30.751495465805647,36.64786127172715,19.272202357375136,31.45389112293492,41.685608850293875,39.26840721775534,11.07020246300658,,10.958952138626273,37.96212222399845,42.94528151183272,45.24876496656998,69.85197596674925,29.99451607948299
A_G9,L,core,22.47617026359103,22.916332993509513,199.69107640433504,46.016045679024955,315.5157255889304,173.4159791069037,40.664971993039444,25.512797168659745,775.8827414440871,345.60344088436943,171.47067527915942,752.9037470992569,83.82516010324457,65.43860746492965,22.47617026359103,157.5112804583821,33.823462438628894,128.1307252761353,,76.21232680631056,37.80841457450424
A_K10,L,surf,3.9225622115855003,15.737638209168153,8.360771856078145,8.046823403497456,,3.9225622115855003,19.067127006451756,20.282682431050944,21.805019828721697,13.208227977028855,13.939885165091482,18.130076508515913,14.66914581928404,14.601954098204487,11.718415680905764,7.881896021681996,14.371707287953996,13.791473214602092,33.74706743659135,41.17582969253408,22.56279677347061
A_T11,L,surf,8.19432114916458,27.37389916266011,25.708110374592025,8.19432114916458,12.236147895296654,13.538574350600356,32.16044619535137,11.985112455075523,17.127248189221064,22.422893325870064,21.65518781647097,13.141621735601348,20.195667889234073,12.845158041978266,20.931252640826187,19.2677344432675,16.008328896356034,,36.55379658341985,43.52943695764861,35.235500925020006
A_L12,L,bndry,-4.976031137370455,15.657911682454142,25.432837720082716,7.4975650388673785,16.788385920293422,6.18636633101346,26.804926639798623,5.899806290214883,-4.976031137370455,,8.206092981414713,0.5398474723883737,7.898014792458071,-0.13794480441379164,7.291220690000955,9.424708144042597,14.056866438590305,5.9554591070111655,34.9681698231193,35.253289327875564,5.534906104989432
A_K13,L,surf,1.7678672716090205,23.986788980307438,13.200079483463924,14.871449776496775,,1.7678672716090205,17.82134646273471,6.917791004808805,11.305833444675045,6.310621870307614,6.129503341574946,8.654669599652834,3.7944890079415927,4.778117014142481,17.47926571962421,6.383874903923015,13.665630296139852,11.598443123229117,26.3123311341094,34.80895203006071,10.351226834681484
A_G14,S,surf,50.95831496975393,61.34785982532935,65.16790844696379,56.983625708885484,57.566492515275286,50.95831496975393,56.402881083672355,59.62554431178569,87.64427751564949,71.78375868764329,62.702123287035874,112.07082064155975,57.08382974609708,63.69601237923507,60.454807514779304,58.10875736144931,59.33287408804563,62.84094892497774,,275869.8363103328,73.87103488034631
A_E15,S,surf,-4.817322244100751,23.581720190659098,,4.869498046505441,4.348339078359686,9.465983224911952,16.667874534329258,11.813244112189068,16.599681936948627,7.961645867939296,4.108021517183488,23.526902463157967,6.64386736974393,5.275898691444127,12.431739554985597,1.9268701619544117,11.03136113680739,23.767706992126932,35.315183474205924,65.47614614714439,-4.817322244100751
A_T16,S,bndry,4.237067912424209,26.432022758288213,24.60924286376917,16.820915690067068,20.82780110156409,7.384374641036629,31.131427707652847,20.972176518668903,4.237067912424209,28.7795245870293,14.45097159600573,8.536380751379738,28.85739235309893,13.24958800427953,23.717772107155497,18.326696203897882,13.280406840849992,,25.32178678318951,54.548713786187136,17.342262567396347
A_T17,S,surf,3.5647912953306786,27.453267903880715,18.214423786999532,12.449352345983925,13.476223643929188,9.850714687534264,24.225003705352265,6.679569568534589,10.153061581081829,20.052008714618296,15.425089358737978,5.80376938400309,16.032945361886505,9.602639066421489,17.211122797243206,15.495262959468619,10.317146380085887,,18.54864181020821,33.31570869335178,3.5647912953306786
A_T18,S,bndry,4.2913466128281925,31.605271012037292,27.939212701268616,12.623384727801522,18.53872099667592,17.988468155997452,25.78287101561068,6.058655208489199,4.2913466128281925,30.591324298494783,14.638766399151336,6.851646778028908,13.746751167892171,7.457114225961277,15.815388435408295,17.372360285387686,12.6662650482574,,26.27201517920753,124.17503955451934,4.6929267317023005
A_E19,S,surf,-1.2765171935727722,7.542566273612692,,4.690065453846273,9.776418664978337,8.16675014556904,17.669876399017085,5.031085583218555,-1.2765171935727722,2.050034091372254,3.9023479260429212,0.428682445213326,3.863163745704469,5.258496473291643,3.8047761779564553,4.841089190286311,14.338917092780093,5.170974632440448,25.869015502196362,34.35870660354021,7.905079559173146
A_A20,S,core,-3.9989193129742944,24.65112101802879,28.25289641244467,75.72382392571467,35.7789418533514,20.629275834629425,,704.5851047181799,64.08848951276832,123.94552702859437,29.584151589143858,40.60161083422486,1160.8266770972218,2345.363526588958,12.566449244075557,14.966275641551192,-0.5183103089877932,16.333368488436918,13.395776291017228,68.56977015526513,-3.9989193129742944
A_V21,L,surf,0.9283198577043095,10.10011492633771,7.363225722821198,5.690764974331614,4.138918829046361,6.1644225641780395,14.97248449365884,10.962944161366522,0.9283198577043095,4.341096867435681,6.270677299831732,,8.0325612343172,14.198803786323197,13.016530627894554,5.177886158180172,15.543716090782937,7.625466597645982,26.55477126652363,31.990442470164226,17.81267356881858
A_D22,H,surf,5.72095498532758,,19.78665804002685,12.780359371507984,33.27373756055431,22.42441535413809,27.217314885653423,12.73240051572975,39.967365779112924,33.69592122359654,16.52942536245746,27.903698755942287,10.168882583611776,16.14301075646881,5.72095498532758,31.930874595425394,12.614927656389455,13.99680370312285,23.890661157963905,171.8471270454661,6.199684698632836
A_A23,H,bndry,1.288580611198995,10.27920897928766,5.5064691535203565,9.680815197225684,1.288580611198995,3.2374855584473607,,9.579508587028158,7.509951012900956,4.2303674836336995,2.166957890965705,10.142164912130056,4.965371982645138,12.21059562481696,13.197507287289909,3.1455979704767287,9.536185359270348,12.044068325352555,15.08966727331017,14.178986922458762,8.701639036458573
A_A24,H,surf,-3.90731431908398,4.042514142766777,1.4047101306780405,10.720993966695687,-0.5679543269181977,-3.90731431908398,,11.92943516902642,8.796401656766648,5.682084150447736,4.084890538700165,11.462264917479388,7.804046999940283,11.0376036020632,6.257185542695652,1.3667147540556925,7.667836437768528,10.943944674631211,12.589937866418495,21.716361015160828,8.191741362090625
A_T25,H,bndry,-4.254898895569795,17.375124026687672,-3.435260717292067,5.476532542320683,10.895645602354762,11.810243933285165,11.281323674521218,1.1848600978557897,-4.254898895569795,1.892061284394913,-1.083807971208671,3.074197548067559,-3.2903744031007136,2.426181154656888,13.324458916345748,0.02157515016756406,7.435856655649559,,23.351678914141075,47.052900889330886,9.439434221667852
A_A26,H,core,9.146119804406453,39.68665934872479,51.37107569621662,125.037568349715,110.68887810516298,93.88678884323963,,677.4847034659599,42.20917208245237,49.83511334457762,51.33821565672497,14.453439854998123,450.37651352485886,598.2824328592532,16.508911604650848,54.73666323494558,9.146119804406453,15.433263016838055,19.036510409008315,606.072689718017,10.902871696128386
A_E27,H,surf,0.4473959313290834,3.7498754445798568,,11.96058919920074,8.94655959441343,12.540084246368906,8.196334182596729,13.8868490411337,8.251989628805859,3.794963371609356,0.4473959313290834,12.552118605791975,10.151656472119157,8.974949564626513,8.097056032344653,2.414720181648363,15.02656776970457,15.579852773570337,23.09561323887806,927.2412591430464,11.48700554399943
A_K28,H,surf,-0.8213880344032987,7.202675822841684,4.916826309173302,-0.08682940523385696,,-0.8213880344032987,11.088780985970288,10.064351755567714,10.72223645628469,6.978149985063737,5.33472042507492,10.300338634946229,10.842861311942215,11.852187604967185,13.792090009792446,2.6088007633870802,11.872704729733414,11.099191240733717,24.448676760167473,75.31207821192675,11.398907560258067
A_V29,H,bndry,-7.4099760979604525,2.4134937852195435,7.945727783386928,-2.357836703891053,-0.9085377028932271,11.649602943854461,12.442611947694559,-0.5250607709431279,-3.5789880605802864,2.010296623947852,0.8908135956210117,,-0.8298086351417169,-7.4099760979604525,9.40945300053113,7.865141921122131,14.878964185635368,9.809090568390275,18.591680096308664,527.8457242589536,2.7170871729863393
A_F30,H,core,10.494286868802646,45.35785767586708,50.13039675004711,21.6248587239877,41.33914940474733,54.65750671132264,36.8022775458619,,31.369236581742143,26.67443430884532,18.918280689818403,26.200334671747896,34.64499067054476,10.494286868802646,33.64509903912699,34.72632991356977,39.31174190013235,32.969476128164615,43.22142248082719,943.2379897543622,26.16107953427604
A_K31,H,bndry,6.353613605919236,20.270255385724568,33.96078628396799,13.649045888876799,,6.353613605919236,29.353574741792045,32.4134593274639,36.908055492145195,18.927664774752202,31.828523198917082,20.73351935004598,32.060681746815135,33.613664431745065,37.90169727162652,30.93817560046068,12.647004873672131,15.681523491364487,25.31969631695506,838.9643546849559,41.13457058425047
A_Q32,H,surf,-2.57982179691453,8.18817207449456,-2.57982179691453,6.246594985845832,-2.1387471379987346,-1.5068931587554744,8.77306963149681,7.708440083417372,5.156471335199285,2.891720495767686,0.2640256675526871,8.053888759606025,11.340088445259425,8.147908799017387,11.492501738611281,,10.12986225152963,15.159928792325218,18.972893358937654,426.2919959439329,5.377466067965997
A_Y33,H,bndry,-0.864776588648283,16.55001414454432,20.398072269243357,6.3903924850872045,8.539905905996875,16.698376324283572,21.924976430605284,-0.14652434726440333,8.191682435314306,12.124148030487731,9.88558151860775,12.401463897325812,-0.864776588648283,,14.67689118450835,15.105672009918635,26.10567364050894,19.161981404919743,26.349138867488364,566.9881987530028,9.575989666488567
A_A34,H,core,3.3501064502474946,29.55664444323361,25.77588324329986,74.37173274163752,23.99670540424154,21.142186785767308,,255.19958199926054,19.686219254697562,15.981357863722678,15.646468605667906,15.505086088851158,4727.160291006411,409.23715029208756,15.210861276590549,19.76535032535162,8.266809691767094,12.009554029415312,17.815405625052335,896.0093956660867,3.3501064502474946
A_N35,H,surf,-8.483618651122697,7.443299972991099,-1.9263232260423138,2.4958448502734427,-5.1828913640526935,-8.483618651122697,2.61188044139044,4.216300836508253,6.693442198875346,2.3109007155492236,-4.3822097393026525,13.286252980177778,2.4071621381217483,7.610537304870832,,-4.946559895226301,3.692827341509428,7.090602331029459,14.223482801174669,483.02401163041156,5.76306900895861
A_D36,H,surf,-9.629496184401887,,1.6819718807400932,-7.129190150628119,-9.629496184401887,-7.419356223015939,3.9043552904663557,5.422701825372542,1.8001850337152518,-1.531386225078677,-1.7334531062595033,3.441788693810622,0.14705470013791455,1.581138443252712,4.480125066861774,-5.605158372947699,2.8220475579748836,3.992878425194931,17.229083974657897,313.8077942852773,3.9282908339259848
A_N37,H,bndry,8.930642702638124,13.89418262856907,35.46113642751766,14.791497629736568,14.41969460612836,10.242597528281522,24.728709213042748,8.930642702638124,28.458851637420366,16.859799197206712,16.58370635551387,30.95543243468569,15.847542422174683,10.006193696611263,,18.209950456704064,25.301883862280647,23.1119087950201,22.828261953847004,1742.382277406241,32.10915655109761
A_G38,L,surf,35.84018975984827,47.58694067219972,44.64319359574574,43.49680784123234,35.84018975984827,36.70874351279099,49.25017821900474,45.055593374037244,46.760825491573314,46.94064702119567,44.97659070637451,47.64509070824306,44.92945568668506,45.84488064739003,42.16907914788385,44.457848695354414,45.90779431932401,45.403589556837915,,3649.7668779206633,49.349032455609176
A_V39,L,core,1.6548654329442343,48.89601396154649,35.5405924475524,27.207837930992355,38.214283844533156,47.53556733121377,30.00170172179469,49.17246058176988,1.6548654329442343,26.021626169780802,19.01143303089384,,4251.156261100698,74.93255359775276,40.91942656309129,20.75898610673289,26.582736944979615,15.14882642328871,40.461262931333295,106.16467777334037,18.77177895125351
A_D40,L,surf,0.7277293081033349,,37.045541287805236,22.23950450176244,14.660201584921879,20.04231600162393,42.773468670452075,20.75208869331641,41.310621429310686,41.65731048318344,38.807427636500506,42.779009662785484,18.44203146636164,20.987906242377676,0.7277293081033349,23.755305479950948,19.07699477306346,39.753424119031024,35.44329356781145,59.96156913797813,47.232040423324634
A_G41,L,surf,90.0073987814651,90.0073987814651,464.88082389087776,12097.79274344106,902.5305404016636,1139.862719427166,918.5807712778384,9138.781632611577,1127.5466267599875,383.2926874968837,663.4710113756973,1070.6523289631525,157926.8988038173,7532.040490019676,168.89986865450692,831.5130856727757,530.9463381295088,818.2567953362725,,142.38369011356622,354.3447001029639
A_E42,S,surf,-6.2428228378455515,7.4942600847259655,,3.1158906317652963,-5.101496919544161,-6.2428228378455515,3.1075293202288776,-0.6328237111820272,3.134130859328252,-0.70949420189595,-2.6628147674296088,6.181752611885258,-4.022393726972723,1.4249211951143934,6.294975367611869,-0.3197463434214569,3.725447651059767,7.501581563297123,14.421754898002973,32.7874762534434,4.551909327880139
A_W43,S,bndry,7.017614107597183,34.420002333851926,24.01382752929476,20.836823488955815,12.559893386157228,12.743778749000057,29.05843000014079,7.017614107597183,22.86916186169492,12.775462586520916,13.362081286271405,21.655689083455172,,12.08676309557768,27.406559911830072,21.003848295875514,25.535518461501397,19.91285957594505,36.54247253293374,46.67920918588743,13.680291887209023
A_T44,S,surf,12.431998654108384,26.425075268982027,29.74002568583819,17.175283291213873,22.071789644456658,12.431998654108384,31.80951723455496,19.31311213129129,15.990586300149744,33.10708480250514,24.335393533558772,14.223116342417143,29.395225757810294,18.4335593003118,24.317158452136482,21.4358399454145,13.538283608238999,,25.59160096014375,52.07791431827968,16.9098653026972
A_Y45,S,bndry,-0.2992383076234546,32.03989595729308,14.216189999292055,9.606350477186425,2.1315859802082286,6.2354477483017945,23.738572352819347,-0.2992383076234546,18.756662388628683,9.63975777513997,0.34441237946589354,27.38416367572154,11.223182977634224,,17.31262965180099,10.593898956127077,17.846783417827282,28.73305823851956,41.71215179540923,58.05424874969253,1.9164358234659176
A_D46,S,surf,2.236025107800515,,15.778859177520417,11.823153020335212,11.567596411736076,11.355345541237966,26.09605878625439,4.951546715213226,5.166848989964819,9.374341736464203,11.188361620156229,2.236025107800515,13.78592557887032,10.325649197444136,8.34188929186189,6.988615103863822,17.314853929728542,17.35338061719426,34.34109360467801,89.28571240970246,7.579394300115609
A_D47,H,surf,-1.4300805808911718,,-1.4300805808911718,3.6599205679890474,5.224765503597837,4.58916837811762,6.713203156509735,6.467504509472747,13.851091408510001,3.8797200382605297,-0.11525412956234504,15.76170233312996,3.64714626141631,7.108044675077963,1.9844520097619807,1.643800829825068,4.214633593192502,7.603597448394339,18.231452276815844,13.168620358516137,7.557504157092353
A_A48,H,surf,-4.274607286251694,5.941332127431906,3.0966259921840447,5.597073052861333,-3.1433946728150204,-0.7541794758146807,,13.411215280348642,15.089970798021568,8.700623117830219,5.296340772067651,14.983019837665552,5.114145608349645,13.579840063743404,8.63853898960906,4.898444184899972,-4.274607286251694,11.033362465566825,9.784335697192319,-3.6585520768123843,4.812392895583571
A_T49,H,surf,5.983463092468355,13.114814155341946,29.33214443348743,6.879846722635648,26.945029339408393,5.983463092468355,32.84975528062046,22.470119839428207,24.907354427173914,31.30962096974463,28.687912638217995,22.610134615724064,32.7972703525038,17.08369100577579,11.079468891643046,22.830421081027907,8.928686153209355,,41.055420936932705,59.53147356310001,18.571116725209777
A_K50,S,bndry,0.1550554963430386,12.210319080163117,16.57734337328816,11.796267692755464,,30.457489272144358,19.81193036310401,15.690091409835986,32.92699937170619,27.335948308686056,26.784937598494253,26.218945233424847,35.037156528883315,32.948426832620044,0.1550554963430386,9.405505357931133,23.98982892504705,40.84364934115979,38.96108886661182,48.772358653294305,31.933965753253233
A_T51,S,surf,-2.677502041886555,42.66221712433253,22.716934017193353,25.50015758368818,17.277699642839934,8.559370577849904,21.790898187969333,11.830627968275621,0.35227670428957936,17.529893523760165,10.694746570140296,-2.677502041886555,14.142006030596576,14.292515796694715,31.659912728230893,19.133276392443122,16.705840552835298,,33.83124868609866,1051.912349040958,11.638100272792371
A_F52,S,core,8.251999363342065,46.05482045077042,40.870719921573254,26.09358633965894,36.44669001628449,35.38117019819265,31.45608054320428,,15.013020558359813,29.784978447757567,13.180616915304427,18.153085275292142,8.251999363342065,9.55441769871527,29.842760912552876,34.73651986460186,32.538798924713774,27.823032950026573,43.256042305760275,150.31553577432555,22.592823798826657
A_T53,S,surf,-9.867837726849757,33.11283258501726,12.695098454734762,19.806928858299898,9.986574363481395,6.350771747319641,24.30114282730665,3.0287165905224356,-9.867837726849757,2.804840802347826,5.980564480771591,-8.292400545632972,14.511172317477758,9.589705660322124,28.871906134406345,9.3914436776422,19.900790826032335,,35.34964359109881,48.72249252971642,8.970844274545016
A_V54,S,core,7.161135254898909,53.04419174743475,44.722604018644006,39.93857844396689,41.998655899130654,38.56939188511228,39.227644300295424,31.347085631182836,7.161135254898909,21.199171103375193,29.88407624593833,,29.283699887830608,30.17810831922884,37.63241462609221,32.68825582649856,34.73157578925043,20.685301128407673,49.306759912727784,50.41642283895567,20.7535372992088
A_T55,S,surf,-5.331067090455917,32.15165511087139,13.955425149979419,12.144437810710542,0.6465537245087489,-5.331067090455917,22.082258089340712,7.081691362806168,-4.525261692808272,9.574230188087768,5.0628865356598,-3.450281911347247,10.94978916177206,10.773092459388863,21.992395587377814,5.855594737831325,15.571512852455726,,33.256731832450214,86.3536544701285,9.59545994894006
A_E56,S,bndry,-3.557240162549988,0.06505420356415925,,7.485287495239618,-3.557240162549988,11.72081582611986,7.724386854554041,7.460627905695674,1.5063432580100198,-1.8503445416779414,-3.303555872499146,4.973429172781152,8.431723433549905,12.023171224277348,4.978239175190993,0.3303499016510614,-0.03427710437472342,2.910859271842128,8.443264511703546,85.22041878100003,5.149032056584929